Domain Code,Domain,Area Code (M49),Area,Element Code,Element,Item Code (CPC),Item,Year Code,Year,Unit,Value,Flag,Flag Description
"QCL","Crops and livestock products","356","India","5510","Production","F1717","Cereals, Total","1961","1961","tonnes","87376496","E","Estimated value"
"QCL","Crops and livestock products","356","India","5510","Production","F1717","Cereals, Total","1962","1962","tonnes","87257552","E","Estimated value"
"QCL","Crops and livestock products","356","India","5510","Production","F1717","Cereals, Total","1963","1963","tonnes","90373008","E","Estimated value"
"QCL","Crops and livestock products","356","India","5510","Production","F1717","Cereals, Total","1964","1964","tonnes","93706000","E","Estimated value"
"QCL","Crops and livestock products","356","India","5510","Production","F1717","Cereals, Total","1965","1965","tonnes","79699504","E","Estimated value"
"QCL","Crops and livestock products","356","India","5510","Production","F1717","Cereals, Total","1966","1966","tonnes","80137608","E","Estimated value"
"QCL","Crops and livestock products","356","India","5510","Production","F1717","Cereals, Total","1967","1967","tonnes","95453504","E","Estimated value"
"QCL","Crops and livestock products","356","India","5510","Production","F1717","Cereals, Total","1968","1968","tonnes","102443708","E","Estimated value"
"QCL","Crops and livestock products","356","India","5510","Production","F1717","Cereals, Total","1969","1969","tonnes","106291244","E","Estimated value"
"QCL","Crops and livestock products","356","India","5510","Production","F1717","Cereals, Total","1970","1970","tonnes","113909504","E","Estimated value"
"QCL","Crops and livestock products","356","India","5510","Production","F1717","Cereals, Total","1971","1971","tonnes","113238296","E","Estimated value"
"QCL","Crops and livestock products","356","India","5510","Production","F1717","Cereals, Total","1972","1972","tonnes","108615456","E","Estimated value"
"QCL","Crops and livestock products","356","India","5510","Production","F1717","Cereals, Total","1973","1973","tonnes","119648216","E","Estimated value"
"QCL","Crops and livestock products","356","India","5510","Production","F1717","Cereals, Total","1974","1974","tonnes","106793000","E","Estimated value"
"QCL","Crops and livestock products","356","India","5510","Production","F1717","Cereals, Total","1975","1975","tonnes","127807800","E","Estimated value"
"QCL","Crops and livestock products","356","India","5510","Production","F1717","Cereals, Total","1976","1976","tonnes","121625108","E","Estimated value"
"QCL","Crops and livestock products","356","India","5510","Production","F1717","Cereals, Total","1977","1977","tonnes","138062904","E","Estimated value"
"QCL","Crops and livestock products","356","India","5510","Production","F1717","Cereals, Total","1978","1978","tonnes","142964696","E","Estimated value"
"QCL","Crops and livestock products","356","India","5510","Production","F1717","Cereals, Total","1979","1979","tonnes","126470304","E","Estimated value"
"QCL","Crops and livestock products","356","India","5510","Production","F1717","Cereals, Total","1980","1980","tonnes","140490600","E","Estimated value"
"QCL","Crops and livestock products","356","India","5510","Production","F1717","Cereals, Total","1981","1981","tonnes","147583816","E","Estimated value"
"QCL","Crops and livestock products","356","India","5510","Production","F1717","Cereals, Total","1982","1982","tonnes","136101404","E","Estimated value"
"QCL","Crops and livestock products","356","India","5510","Production","F1717","Cereals, Total","1983","1983","tonnes","166781704","E","Estimated value"
"QCL","Crops and livestock products","356","India","5510","Production","F1717","Cereals, Total","1984","1984","tonnes","164477600","E","Estimated value"
"QCL","Crops and livestock products","356","India","5510","Production","F1717","Cereals, Total","1985","1985","tonnes","165682196","E","Estimated value"
"QCL","Crops and livestock products","356","India","5510","Production","F1717","Cereals, Total","1986","1986","tonnes","164955216","E","Estimated value"
"QCL","Crops and livestock products","356","India","5510","Production","F1717","Cereals, Total","1987","1987","tonnes","156114500","E","Estimated value"
"QCL","Crops and livestock products","356","India","5510","Production","F1717","Cereals, Total","1988","1988","tonnes","183867008","E","Estimated value"
"QCL","Crops and livestock products","356","India","5510","Production","F1717","Cereals, Total","1989","1989","tonnes","199413216","E","Estimated value"
"QCL","Crops and livestock products","356","India","5510","Production","F1717","Cereals, Total","1990","1990","tonnes","193919312","E","Estimated value"
"QCL","Crops and livestock products","356","India","5510","Production","F1717","Cereals, Total","1991","1991","tonnes","193101196","E","Estimated value"
"QCL","Crops and livestock products","356","India","5510","Production","F1717","Cereals, Total","1992","1992","tonnes","201468404","E","Estimated value"
"QCL","Crops and livestock products","356","India","5510","Production","F1717","Cereals, Total","1993","1993","tonnes","208626900","E","Estimated value"
"QCL","Crops and livestock products","356","India","5510","Production","F1717","Cereals, Total","1994","1994","tonnes","211941400","E","Estimated value"
"QCL","Crops and livestock products","356","India","5510","Production","F1717","Cereals, Total","1995","1995","tonnes","210012500","E","Estimated value"
"QCL","Crops and livestock products","356","India","5510","Production","F1717","Cereals, Total","1996","1996","tonnes","218750900","E","Estimated value"
"QCL","Crops and livestock products","356","India","5510","Production","F1717","Cereals, Total","1997","1997","tonnes","223232400","E","Estimated value"
"QCL","Crops and livestock products","356","India","5510","Production","F1717","Cereals, Total","1998","1998","tonnes","226877000","E","Estimated value"
"QCL","Crops and livestock products","356","India","5510","Production","F1717","Cereals, Total","1999","1999","tonnes","236205608","E","Estimated value"
"QCL","Crops and livestock products","356","India","5510","Production","F1717","Cereals, Total","2000","2000","tonnes","234931192","E","Estimated value"
"QCL","Crops and livestock products","356","India","5510","Production","F1717","Cereals, Total","2001","2001","tonnes","242963796","E","Estimated value"
"QCL","Crops and livestock products","356","India","5510","Production","F1717","Cereals, Total","2002","2002","tonnes","206636708","E","Estimated value"
"QCL","Crops and livestock products","356","India","5510","Production","F1717","Cereals, Total","2003","2003","tonnes","236592700","E","Estimated value"
"QCL","Crops and livestock products","356","India","5510","Production","F1717","Cereals, Total","2004","2004","tonnes","229845504","E","Estimated value"
"QCL","Crops and livestock products","356","India","5510","Production","F1717","Cereals, Total","2005","2005","tonnes","239997492","E","Estimated value"
"QCL","Crops and livestock products","356","India","5510","Production","F1717","Cereals, Total","2006","2006","tonnes","242785588","E","Estimated value"
"QCL","Crops and livestock products","356","India","5510","Production","F1717","Cereals, Total","2007","2007","tonnes","260485904","E","Estimated value"
"QCL","Crops and livestock products","356","India","5510","Production","F1717","Cereals, Total","2008","2008","tonnes","266835300","E","Estimated value"
"QCL","Crops and livestock products","356","India","5510","Production","F1717","Cereals, Total","2009","2009","tonnes","250783392","E","Estimated value"
"QCL","Crops and livestock products","356","India","5510","Production","F1717","Cereals, Total","2010","2010","tonnes","267838308","E","Estimated value"
"QCL","Crops and livestock products","356","India","5510","Production","F1717","Cereals, Total","2011","2011","tonnes","287860000","E","Estimated value"
"QCL","Crops and livestock products","356","India","5510","Production","F1717","Cereals, Total","2012","2012","tonnes","293290000","E","Estimated value"
"QCL","Crops and livestock products","356","India","5510","Production","F1717","Cereals, Total","2013","2013","tonnes","294909510","E","Estimated value"
"QCL","Crops and livestock products","356","India","5510","Production","F1717","Cereals, Total","2014","2014","tonnes","296010000","E","Estimated value"
"QCL","Crops and livestock products","356","India","5510","Production","F1717","Cereals, Total","2015","2015","tonnes","284333000","E","Estimated value"
"QCL","Crops and livestock products","356","India","5510","Production","F1717","Cereals, Total","2016","2016","tonnes","297850000","E","Estimated value"
"QCL","Crops and livestock products","356","India","5510","Production","F1717","Cereals, Total","2017","2017","tonnes","310782330","E","Estimated value"
"QCL","Crops and livestock products","356","India","5510","Production","F1717","Cereals, Total","2018","2018","tonnes","321556400","E","Estimated value"
"QCL","Crops and livestock products","356","India","5510","Production","F1717","Cereals, Total","2019","2019","tonnes","324300640","E","Estimated value"
"QCL","Crops and livestock products","356","India","5510","Production","F1717","Cereals, Total","2020","2020","tonnes","335035000","E","Estimated value"
"QCL","Crops and livestock products","356","India","5510","Production","F1804","Citrus Fruit, Total","1961","1961","tonnes","1212000","E","Estimated value"
"QCL","Crops and livestock products","356","India","5510","Production","F1804","Citrus Fruit, Total","1962","1962","tonnes","1165000","E","Estimated value"
"QCL","Crops and livestock products","356","India","5510","Production","F1804","Citrus Fruit, Total","1963","1963","tonnes","1165000","E","Estimated value"
"QCL","Crops and livestock products","356","India","5510","Production","F1804","Citrus Fruit, Total","1964","1964","tonnes","1187000","E","Estimated value"
"QCL","Crops and livestock products","356","India","5510","Production","F1804","Citrus Fruit, Total","1965","1965","tonnes","1276000","E","Estimated value"
"QCL","Crops and livestock products","356","India","5510","Production","F1804","Citrus Fruit, Total","1966","1966","tonnes","1396000","E","Estimated value"
"QCL","Crops and livestock products","356","India","5510","Production","F1804","Citrus Fruit, Total","1967","1967","tonnes","1497000","E","Estimated value"
"QCL","Crops and livestock products","356","India","5510","Production","F1804","Citrus Fruit, Total","1968","1968","tonnes","1666000","E","Estimated value"
"QCL","Crops and livestock products","356","India","5510","Production","F1804","Citrus Fruit, Total","1969","1969","tonnes","1570000","E","Estimated value"
"QCL","Crops and livestock products","356","India","5510","Production","F1804","Citrus Fruit, Total","1970","1970","tonnes","1730000","E","Estimated value"
"QCL","Crops and livestock products","356","India","5510","Production","F1804","Citrus Fruit, Total","1971","1971","tonnes","1785000","E","Estimated value"
"QCL","Crops and livestock products","356","India","5510","Production","F1804","Citrus Fruit, Total","1972","1972","tonnes","1825000","E","Estimated value"
"QCL","Crops and livestock products","356","India","5510","Production","F1804","Citrus Fruit, Total","1973","1973","tonnes","1705000","E","Estimated value"
"QCL","Crops and livestock products","356","India","5510","Production","F1804","Citrus Fruit, Total","1974","1974","tonnes","1810000","E","Estimated value"
"QCL","Crops and livestock products","356","India","5510","Production","F1804","Citrus Fruit, Total","1975","1975","tonnes","1710000","E","Estimated value"
"QCL","Crops and livestock products","356","India","5510","Production","F1804","Citrus Fruit, Total","1976","1976","tonnes","2048000","E","Estimated value"
"QCL","Crops and livestock products","356","India","5510","Production","F1804","Citrus Fruit, Total","1977","1977","tonnes","1583000","E","Estimated value"
"QCL","Crops and livestock products","356","India","5510","Production","F1804","Citrus Fruit, Total","1978","1978","tonnes","1612000","E","Estimated value"
"QCL","Crops and livestock products","356","India","5510","Production","F1804","Citrus Fruit, Total","1979","1979","tonnes","1658000","E","Estimated value"
"QCL","Crops and livestock products","356","India","5510","Production","F1804","Citrus Fruit, Total","1980","1980","tonnes","1706000","E","Estimated value"
"QCL","Crops and livestock products","356","India","5510","Production","F1804","Citrus Fruit, Total","1981","1981","tonnes","1759000","E","Estimated value"
"QCL","Crops and livestock products","356","India","5510","Production","F1804","Citrus Fruit, Total","1982","1982","tonnes","1808000","E","Estimated value"
"QCL","Crops and livestock products","356","India","5510","Production","F1804","Citrus Fruit, Total","1983","1983","tonnes","1914000","E","Estimated value"
"QCL","Crops and livestock products","356","India","5510","Production","F1804","Citrus Fruit, Total","1984","1984","tonnes","1952000","E","Estimated value"
"QCL","Crops and livestock products","356","India","5510","Production","F1804","Citrus Fruit, Total","1985","1985","tonnes","1870000","E","Estimated value"
"QCL","Crops and livestock products","356","India","5510","Production","F1804","Citrus Fruit, Total","1986","1986","tonnes","2076000","E","Estimated value"
"QCL","Crops and livestock products","356","India","5510","Production","F1804","Citrus Fruit, Total","1987","1987","tonnes","2255000","E","Estimated value"
"QCL","Crops and livestock products","356","India","5510","Production","F1804","Citrus Fruit, Total","1988","1988","tonnes","2173000","E","Estimated value"
"QCL","Crops and livestock products","356","India","5510","Production","F1804","Citrus Fruit, Total","1989","1989","tonnes","2760000","E","Estimated value"
"QCL","Crops and livestock products","356","India","5510","Production","F1804","Citrus Fruit, Total","1990","1990","tonnes","2927000","E","Estimated value"
"QCL","Crops and livestock products","356","India","5510","Production","F1804","Citrus Fruit, Total","1991","1991","tonnes","2843031","E","Estimated value"
"QCL","Crops and livestock products","356","India","5510","Production","F1804","Citrus Fruit, Total","1992","1992","tonnes","2185000","E","Estimated value"
"QCL","Crops and livestock products","356","India","5510","Production","F1804","Citrus Fruit, Total","1993","1993","tonnes","3000000","E","Estimated value"
"QCL","Crops and livestock products","356","India","5510","Production","F1804","Citrus Fruit, Total","1994","1994","tonnes","2991900","E","Estimated value"
"QCL","Crops and livestock products","356","India","5510","Production","F1804","Citrus Fruit, Total","1995","1995","tonnes","2765800","E","Estimated value"
"QCL","Crops and livestock products","356","India","5510","Production","F1804","Citrus Fruit, Total","1996","1996","tonnes","3178300","E","Estimated value"
"QCL","Crops and livestock products","356","India","5510","Production","F1804","Citrus Fruit, Total","1997","1997","tonnes","3833400","E","Estimated value"
"QCL","Crops and livestock products","356","India","5510","Production","F1804","Citrus Fruit, Total","1998","1998","tonnes","3685500","E","Estimated value"
"QCL","Crops and livestock products","356","India","5510","Production","F1804","Citrus Fruit, Total","1999","1999","tonnes","3964600","E","Estimated value"
"QCL","Crops and livestock products","356","India","5510","Production","F1804","Citrus Fruit, Total","2000","2000","tonnes","4416200","E","Estimated value"
"QCL","Crops and livestock products","356","India","5510","Production","F1804","Citrus Fruit, Total","2001","2001","tonnes","4171900","E","Estimated value"
"QCL","Crops and livestock products","356","India","5510","Production","F1804","Citrus Fruit, Total","2002","2002","tonnes","4524200","E","Estimated value"
"QCL","Crops and livestock products","356","India","5510","Production","F1804","Citrus Fruit, Total","2003","2003","tonnes","3623500","E","Estimated value"
"QCL","Crops and livestock products","356","India","5510","Production","F1804","Citrus Fruit, Total","2004","2004","tonnes","5021500","E","Estimated value"
"QCL","Crops and livestock products","356","India","5510","Production","F1804","Citrus Fruit, Total","2005","2005","tonnes","4620100","E","Estimated value"
"QCL","Crops and livestock products","356","India","5510","Production","F1804","Citrus Fruit, Total","2006","2006","tonnes","6139000","E","Estimated value"
"QCL","Crops and livestock products","356","India","5510","Production","F1804","Citrus Fruit, Total","2007","2007","tonnes","7145000","E","Estimated value"
"QCL","Crops and livestock products","356","India","5510","Production","F1804","Citrus Fruit, Total","2008","2008","tonnes","8015000","E","Estimated value"
"QCL","Crops and livestock products","356","India","5510","Production","F1804","Citrus Fruit, Total","2009","2009","tonnes","8623080","E","Estimated value"
"QCL","Crops and livestock products","356","India","5510","Production","F1804","Citrus Fruit, Total","2010","2010","tonnes","9638000","E","Estimated value"
"QCL","Crops and livestock products","356","India","5510","Production","F1804","Citrus Fruit, Total","2011","2011","tonnes","7464000","E","Estimated value"
"QCL","Crops and livestock products","356","India","5510","Production","F1804","Citrus Fruit, Total","2012","2012","tonnes","7922000","E","Estimated value"
"QCL","Crops and livestock products","356","India","5510","Production","F1804","Citrus Fruit, Total","2013","2013","tonnes","10090000","E","Estimated value"
"QCL","Crops and livestock products","356","India","5510","Production","F1804","Citrus Fruit, Total","2014","2014","tonnes","11146630","E","Estimated value"
"QCL","Crops and livestock products","356","India","5510","Production","F1804","Citrus Fruit, Total","2015","2015","tonnes","11702000","E","Estimated value"
"QCL","Crops and livestock products","356","India","5510","Production","F1804","Citrus Fruit, Total","2016","2016","tonnes","11581000","E","Estimated value"
"QCL","Crops and livestock products","356","India","5510","Production","F1804","Citrus Fruit, Total","2017","2017","tonnes","11419000","E","Estimated value"
"QCL","Crops and livestock products","356","India","5510","Production","F1804","Citrus Fruit, Total","2018","2018","tonnes","12545000","E","Estimated value"
"QCL","Crops and livestock products","356","India","5510","Production","F1804","Citrus Fruit, Total","2019","2019","tonnes","13403000","E","Estimated value"
"QCL","Crops and livestock products","356","India","5510","Production","F1804","Citrus Fruit, Total","2020","2020","tonnes","13979000","E","Estimated value"
"QCL","Crops and livestock products","356","India","5510","Production","F1738","Fruit Primary","1961","1961","tonnes","13573500","E","Estimated value"
"QCL","Crops and livestock products","356","India","5510","Production","F1738","Fruit Primary","1962","1962","tonnes","13838900","E","Estimated value"
"QCL","Crops and livestock products","356","India","5510","Production","F1738","Fruit Primary","1963","1963","tonnes","14084200","E","Estimated value"
"QCL","Crops and livestock products","356","India","5510","Production","F1738","Fruit Primary","1964","1964","tonnes","14318600","E","Estimated value"
"QCL","Crops and livestock products","356","India","5510","Production","F1738","Fruit Primary","1965","1965","tonnes","15079400","E","Estimated value"
"QCL","Crops and livestock products","356","India","5510","Production","F1738","Fruit Primary","1966","1966","tonnes","15653300","E","Estimated value"
"QCL","Crops and livestock products","356","India","5510","Production","F1738","Fruit Primary","1967","1967","tonnes","15835200","E","Estimated value"
"QCL","Crops and livestock products","356","India","5510","Production","F1738","Fruit Primary","1968","1968","tonnes","16072000","E","Estimated value"
"QCL","Crops and livestock products","356","India","5510","Production","F1738","Fruit Primary","1969","1969","tonnes","16210800","E","Estimated value"
"QCL","Crops and livestock products","356","India","5510","Production","F1738","Fruit Primary","1970","1970","tonnes","16083680","E","Estimated value"
"QCL","Crops and livestock products","356","India","5510","Production","F1738","Fruit Primary","1971","1971","tonnes","16959106","E","Estimated value"
"QCL","Crops and livestock products","356","India","5510","Production","F1738","Fruit Primary","1972","1972","tonnes","16782667","E","Estimated value"
"QCL","Crops and livestock products","356","India","5510","Production","F1738","Fruit Primary","1973","1973","tonnes","17096718","E","Estimated value"
"QCL","Crops and livestock products","356","India","5510","Production","F1738","Fruit Primary","1974","1974","tonnes","17530811","E","Estimated value"
"QCL","Crops and livestock products","356","India","5510","Production","F1738","Fruit Primary","1975","1975","tonnes","17577400","E","Estimated value"
"QCL","Crops and livestock products","356","India","5510","Production","F1738","Fruit Primary","1976","1976","tonnes","18417371","E","Estimated value"
"QCL","Crops and livestock products","356","India","5510","Production","F1738","Fruit Primary","1977","1977","tonnes","18930911","E","Estimated value"
"QCL","Crops and livestock products","356","India","5510","Production","F1738","Fruit Primary","1978","1978","tonnes","19565590","E","Estimated value"
"QCL","Crops and livestock products","356","India","5510","Production","F1738","Fruit Primary","1979","1979","tonnes","20350992","E","Estimated value"
"QCL","Crops and livestock products","356","India","5510","Production","F1738","Fruit Primary","1980","1980","tonnes","20867397","E","Estimated value"
"QCL","Crops and livestock products","356","India","5510","Production","F1738","Fruit Primary","1981","1981","tonnes","21547159","E","Estimated value"
"QCL","Crops and livestock products","356","India","5510","Production","F1738","Fruit Primary","1982","1982","tonnes","21920847","E","Estimated value"
"QCL","Crops and livestock products","356","India","5510","Production","F1738","Fruit Primary","1983","1983","tonnes","22809184","E","Estimated value"
"QCL","Crops and livestock products","356","India","5510","Production","F1738","Fruit Primary","1984","1984","tonnes","25542620","E","Estimated value"
"QCL","Crops and livestock products","356","India","5510","Production","F1738","Fruit Primary","1985","1985","tonnes","25677400","E","Estimated value"
"QCL","Crops and livestock products","356","India","5510","Production","F1738","Fruit Primary","1986","1986","tonnes","28043367","E","Estimated value"
"QCL","Crops and livestock products","356","India","5510","Production","F1738","Fruit Primary","1987","1987","tonnes","27579834","E","Estimated value"
"QCL","Crops and livestock products","356","India","5510","Production","F1738","Fruit Primary","1988","1988","tonnes","24846839","E","Estimated value"
"QCL","Crops and livestock products","356","India","5510","Production","F1738","Fruit Primary","1989","1989","tonnes","26821545","E","Estimated value"
"QCL","Crops and livestock products","356","India","5510","Production","F1738","Fruit Primary","1990","1990","tonnes","28532097","E","Estimated value"
"QCL","Crops and livestock products","356","India","5510","Production","F1738","Fruit Primary","1991","1991","tonnes","29291546","E","Estimated value"
"QCL","Crops and livestock products","356","India","5510","Production","F1738","Fruit Primary","1992","1992","tonnes","31669340","E","Estimated value"
"QCL","Crops and livestock products","356","India","5510","Production","F1738","Fruit Primary","1993","1993","tonnes","35501650","E","Estimated value"
"QCL","Crops and livestock products","356","India","5510","Production","F1738","Fruit Primary","1994","1994","tonnes","37859943","E","Estimated value"
"QCL","Crops and livestock products","356","India","5510","Production","F1738","Fruit Primary","1995","1995","tonnes","37017295","E","Estimated value"
"QCL","Crops and livestock products","356","India","5510","Production","F1738","Fruit Primary","1996","1996","tonnes","39020392","E","Estimated value"
"QCL","Crops and livestock products","356","India","5510","Production","F1738","Fruit Primary","1997","1997","tonnes","42498537","E","Estimated value"
"QCL","Crops and livestock products","356","India","5510","Production","F1738","Fruit Primary","1998","1998","tonnes","45602866","E","Estimated value"
"QCL","Crops and livestock products","356","India","5510","Production","F1738","Fruit Primary","1999","1999","tonnes","46561080","E","Estimated value"
"QCL","Crops and livestock products","356","India","5510","Production","F1738","Fruit Primary","2000","2000","tonnes","43900880","E","Estimated value"
"QCL","Crops and livestock products","356","India","5510","Production","F1738","Fruit Primary","2001","2001","tonnes","45278828","E","Estimated value"
"QCL","Crops and livestock products","356","India","5510","Production","F1738","Fruit Primary","2002","2002","tonnes","44221611","E","Estimated value"
"QCL","Crops and livestock products","356","India","5510","Production","F1738","Fruit Primary","2003","2003","tonnes","47027196","E","Estimated value"
"QCL","Crops and livestock products","356","India","5510","Production","F1738","Fruit Primary","2004","2004","tonnes","49625940","E","Estimated value"
"QCL","Crops and livestock products","356","India","5510","Production","F1738","Fruit Primary","2005","2005","tonnes","52658409","E","Estimated value"
"QCL","Crops and livestock products","356","India","5510","Production","F1738","Fruit Primary","2006","2006","tonnes","58820063","E","Estimated value"
"QCL","Crops and livestock products","356","India","5510","Production","F1738","Fruit Primary","2007","2007","tonnes","63896834","E","Estimated value"
"QCL","Crops and livestock products","356","India","5510","Production","F1738","Fruit Primary","2008","2008","tonnes","69802851","E","Estimated value"
"QCL","Crops and livestock products","356","India","5510","Production","F1738","Fruit Primary","2009","2009","tonnes","70244755","E","Estimated value"
"QCL","Crops and livestock products","356","India","5510","Production","F1738","Fruit Primary","2010","2010","tonnes","76409398","E","Estimated value"
"QCL","Crops and livestock products","356","India","5510","Production","F1738","Fruit Primary","2011","2011","tonnes","76076727","E","Estimated value"
"QCL","Crops and livestock products","356","India","5510","Production","F1738","Fruit Primary","2012","2012","tonnes","77996263","E","Estimated value"
"QCL","Crops and livestock products","356","India","5510","Production","F1738","Fruit Primary","2013","2013","tonnes","85262158","E","Estimated value"
"QCL","Crops and livestock products","356","India","5510","Production","F1738","Fruit Primary","2014","2014","tonnes","91046966","E","Estimated value"
"QCL","Crops and livestock products","356","India","5510","Production","F1738","Fruit Primary","2015","2015","tonnes","90792024","E","Estimated value"
"QCL","Crops and livestock products","356","India","5510","Production","F1738","Fruit Primary","2016","2016","tonnes","92101084","E","Estimated value"
"QCL","Crops and livestock products","356","India","5510","Production","F1738","Fruit Primary","2017","2017","tonnes","98523159","E","Estimated value"
"QCL","Crops and livestock products","356","India","5510","Production","F1738","Fruit Primary","2018","2018","tonnes","102391170","E","Estimated value"
"QCL","Crops and livestock products","356","India","5510","Production","F1738","Fruit Primary","2019","2019","tonnes","104045528","E","Estimated value"
"QCL","Crops and livestock products","356","India","5510","Production","F1738","Fruit Primary","2020","2020","tonnes","105971127","E","Estimated value"
"QCL","Crops and livestock products","356","India","5510","Production","F1726","Pulses, Total","1961","1961","tonnes","12859873","E","Estimated value"
"QCL","Crops and livestock products","356","India","5510","Production","F1726","Pulses, Total","1962","1962","tonnes","11735312","E","Estimated value"
"QCL","Crops and livestock products","356","India","5510","Production","F1726","Pulses, Total","1963","1963","tonnes","11527531","E","Estimated value"
"QCL","Crops and livestock products","356","India","5510","Production","F1726","Pulses, Total","1964","1964","tonnes","10301900","E","Estimated value"
"QCL","Crops and livestock products","356","India","5510","Production","F1726","Pulses, Total","1965","1965","tonnes","12073700","E","Estimated value"
"QCL","Crops and livestock products","356","India","5510","Production","F1726","Pulses, Total","1966","1966","tonnes","9802200","E","Estimated value"
"QCL","Crops and livestock products","356","India","5510","Production","F1726","Pulses, Total","1967","1967","tonnes","8665700","E","Estimated value"
"QCL","Crops and livestock products","356","India","5510","Production","F1726","Pulses, Total","1968","1968","tonnes","11957300","E","Estimated value"
"QCL","Crops and livestock products","356","India","5510","Production","F1726","Pulses, Total","1969","1969","tonnes","10567100","E","Estimated value"
"QCL","Crops and livestock products","356","India","5510","Production","F1726","Pulses, Total","1970","1970","tonnes","12085700","E","Estimated value"
"QCL","Crops and livestock products","356","India","5510","Production","F1726","Pulses, Total","1971","1971","tonnes","11442300","E","Estimated value"
"QCL","Crops and livestock products","356","India","5510","Production","F1726","Pulses, Total","1972","1972","tonnes","10808500","E","Estimated value"
"QCL","Crops and livestock products","356","India","5510","Production","F1726","Pulses, Total","1973","1973","tonnes","10824300","E","Estimated value"
"QCL","Crops and livestock products","356","India","5510","Production","F1726","Pulses, Total","1974","1974","tonnes","9506000","E","Estimated value"
"QCL","Crops and livestock products","356","India","5510","Production","F1726","Pulses, Total","1975","1975","tonnes","10591700","E","Estimated value"
"QCL","Crops and livestock products","356","India","5510","Production","F1726","Pulses, Total","1976","1976","tonnes","12715700","E","Estimated value"
"QCL","Crops and livestock products","356","India","5510","Production","F1726","Pulses, Total","1977","1977","tonnes","11617900","E","Estimated value"
"QCL","Crops and livestock products","356","India","5510","Production","F1726","Pulses, Total","1978","1978","tonnes","11734000","E","Estimated value"
"QCL","Crops and livestock products","356","India","5510","Production","F1726","Pulses, Total","1979","1979","tonnes","11531700","E","Estimated value"
"QCL","Crops and livestock products","356","India","5510","Production","F1726","Pulses, Total","1980","1980","tonnes","9167100","E","Estimated value"
"QCL","Crops and livestock products","356","India","5510","Production","F1726","Pulses, Total","1981","1981","tonnes","10828000","E","Estimated value"
"QCL","Crops and livestock products","356","India","5510","Production","F1726","Pulses, Total","1982","1982","tonnes","11329500","E","Estimated value"
"QCL","Crops and livestock products","356","India","5510","Production","F1726","Pulses, Total","1983","1983","tonnes","12495900","E","Estimated value"
"QCL","Crops and livestock products","356","India","5510","Production","F1726","Pulses, Total","1984","1984","tonnes","12505700","E","Estimated value"
"QCL","Crops and livestock products","356","India","5510","Production","F1726","Pulses, Total","1985","1985","tonnes","11976500","E","Estimated value"
"QCL","Crops and livestock products","356","India","5510","Production","F1726","Pulses, Total","1986","1986","tonnes","13311100","E","Estimated value"
"QCL","Crops and livestock products","356","India","5510","Production","F1726","Pulses, Total","1987","1987","tonnes","11957000","E","Estimated value"
"QCL","Crops and livestock products","356","India","5510","Production","F1726","Pulses, Total","1988","1988","tonnes","11753900","E","Estimated value"
"QCL","Crops and livestock products","356","India","5510","Production","F1726","Pulses, Total","1989","1989","tonnes","13690300","E","Estimated value"
"QCL","Crops and livestock products","356","India","5510","Production","F1726","Pulses, Total","1990","1990","tonnes","12856900","E","Estimated value"
"QCL","Crops and livestock products","356","India","5510","Production","F1726","Pulses, Total","1991","1991","tonnes","14265000","E","Estimated value"
"QCL","Crops and livestock products","356","India","5510","Production","F1726","Pulses, Total","1992","1992","tonnes","12013400","E","Estimated value"
"QCL","Crops and livestock products","356","India","5510","Production","F1726","Pulses, Total","1993","1993","tonnes","12366200","E","Estimated value"
"QCL","Crops and livestock products","356","India","5510","Production","F1726","Pulses, Total","1994","1994","tonnes","13305000","E","Estimated value"
"QCL","Crops and livestock products","356","India","5510","Production","F1726","Pulses, Total","1995","1995","tonnes","14902800","E","Estimated value"
"QCL","Crops and livestock products","356","India","5510","Production","F1726","Pulses, Total","1996","1996","tonnes","13216700","E","Estimated value"
"QCL","Crops and livestock products","356","India","5510","Production","F1726","Pulses, Total","1997","1997","tonnes","14117800","E","Estimated value"
"QCL","Crops and livestock products","356","India","5510","Production","F1726","Pulses, Total","1998","1998","tonnes","13004500","E","Estimated value"
"QCL","Crops and livestock products","356","India","5510","Production","F1726","Pulses, Total","1999","1999","tonnes","15137600","E","Estimated value"
"QCL","Crops and livestock products","356","India","5510","Production","F1726","Pulses, Total","2000","2000","tonnes","13712800","E","Estimated value"
"QCL","Crops and livestock products","356","India","5510","Production","F1726","Pulses, Total","2001","2001","tonnes","12176500","E","Estimated value"
"QCL","Crops and livestock products","356","India","5510","Production","F1726","Pulses, Total","2002","2002","tonnes","12933600","E","Estimated value"
"QCL","Crops and livestock products","356","India","5510","Production","F1726","Pulses, Total","2003","2003","tonnes","12737000","E","Estimated value"
"QCL","Crops and livestock products","356","India","5510","Production","F1726","Pulses, Total","2004","2004","tonnes","13545300","E","Estimated value"
"QCL","Crops and livestock products","356","India","5510","Production","F1726","Pulses, Total","2005","2005","tonnes","12876100","E","Estimated value"
"QCL","Crops and livestock products","356","India","5510","Production","F1726","Pulses, Total","2006","2006","tonnes","13998800","E","Estimated value"
"QCL","Crops and livestock products","356","India","5510","Production","F1726","Pulses, Total","2007","2007","tonnes","14786700","E","Estimated value"
"QCL","Crops and livestock products","356","India","5510","Production","F1726","Pulses, Total","2008","2008","tonnes","13772200","E","Estimated value"
"QCL","Crops and livestock products","356","India","5510","Production","F1726","Pulses, Total","2009","2009","tonnes","14071500","E","Estimated value"
"QCL","Crops and livestock products","356","India","5510","Production","F1726","Pulses, Total","2010","2010","tonnes","17236300","E","Estimated value"
"QCL","Crops and livestock products","356","India","5510","Production","F1726","Pulses, Total","2011","2011","tonnes","17647000","E","Estimated value"
"QCL","Crops and livestock products","356","India","5510","Production","F1726","Pulses, Total","2012","2012","tonnes","16834700","E","Estimated value"
"QCL","Crops and livestock products","356","India","5510","Production","F1726","Pulses, Total","2013","2013","tonnes","18944200","E","Estimated value"
"QCL","Crops and livestock products","356","India","5510","Production","F1726","Pulses, Total","2014","2014","tonnes","20027000","E","Estimated value"
"QCL","Crops and livestock products","356","India","5510","Production","F1726","Pulses, Total","2015","2015","tonnes","17314200","E","Estimated value"
"QCL","Crops and livestock products","356","India","5510","Production","F1726","Pulses, Total","2016","2016","tonnes","18159918","E","Estimated value"
"QCL","Crops and livestock products","356","India","5510","Production","F1726","Pulses, Total","2017","2017","tonnes","23763605","E","Estimated value"
"QCL","Crops and livestock products","356","India","5510","Production","F1726","Pulses, Total","2018","2018","tonnes","25504070","E","Estimated value"
"QCL","Crops and livestock products","356","India","5510","Production","F1726","Pulses, Total","2019","2019","tonnes","21542350","E","Estimated value"
"QCL","Crops and livestock products","356","India","5510","Production","F1726","Pulses, Total","2020","2020","tonnes","23368478","E","Estimated value"
"QCL","Crops and livestock products","356","India","5510","Production","F1720","Roots and Tubers, Total","1961","1961","tonnes","5949000","E","Estimated value"
"QCL","Crops and livestock products","356","India","5510","Production","F1720","Roots and Tubers, Total","1962","1962","tonnes","5197000","E","Estimated value"
"QCL","Crops and livestock products","356","India","5510","Production","F1720","Roots and Tubers, Total","1963","1963","tonnes","5972000","E","Estimated value"
"QCL","Crops and livestock products","356","India","5510","Production","F1720","Roots and Tubers, Total","1964","1964","tonnes","6271000","E","Estimated value"
"QCL","Crops and livestock products","356","India","5510","Production","F1720","Roots and Tubers, Total","1965","1965","tonnes","7736000","E","Estimated value"
"QCL","Crops and livestock products","356","India","5510","Production","F1720","Roots and Tubers, Total","1966","1966","tonnes","8534000","E","Estimated value"
"QCL","Crops and livestock products","356","India","5510","Production","F1720","Roots and Tubers, Total","1967","1967","tonnes","8635500","E","Estimated value"
"QCL","Crops and livestock products","356","India","5510","Production","F1720","Roots and Tubers, Total","1968","1968","tonnes","10540000","E","Estimated value"
"QCL","Crops and livestock products","356","India","5510","Production","F1720","Roots and Tubers, Total","1969","1969","tonnes","11403600","E","Estimated value"
"QCL","Crops and livestock products","356","India","5510","Production","F1720","Roots and Tubers, Total","1970","1970","tonnes","10747700","E","Estimated value"
"QCL","Crops and livestock products","356","India","5510","Production","F1720","Roots and Tubers, Total","1971","1971","tonnes","11667800","E","Estimated value"
"QCL","Crops and livestock products","356","India","5510","Production","F1720","Roots and Tubers, Total","1972","1972","tonnes","12389400","E","Estimated value"
"QCL","Crops and livestock products","356","India","5510","Production","F1720","Roots and Tubers, Total","1973","1973","tonnes","12253400","E","Estimated value"
"QCL","Crops and livestock products","356","India","5510","Production","F1720","Roots and Tubers, Total","1974","1974","tonnes","12832000","E","Estimated value"
"QCL","Crops and livestock products","356","India","5510","Production","F1720","Roots and Tubers, Total","1975","1975","tonnes","14209700","E","Estimated value"
"QCL","Crops and livestock products","356","India","5510","Production","F1720","Roots and Tubers, Total","1976","1976","tonnes","15755200","E","Estimated value"
"QCL","Crops and livestock products","356","India","5510","Production","F1720","Roots and Tubers, Total","1977","1977","tonnes","15101000","E","Estimated value"
"QCL","Crops and livestock products","356","India","5510","Production","F1720","Roots and Tubers, Total","1978","1978","tonnes","15412200","E","Estimated value"
"QCL","Crops and livestock products","356","India","5510","Production","F1720","Roots and Tubers, Total","1979","1979","tonnes","17806100","E","Estimated value"
"QCL","Crops and livestock products","356","India","5510","Production","F1720","Roots and Tubers, Total","1980","1980","tonnes","15485000","E","Estimated value"
"QCL","Crops and livestock products","356","India","5510","Production","F1720","Roots and Tubers, Total","1981","1981","tonnes","17040000","E","Estimated value"
"QCL","Crops and livestock products","356","India","5510","Production","F1720","Roots and Tubers, Total","1982","1982","tonnes","16899800","E","Estimated value"
"QCL","Crops and livestock products","356","India","5510","Production","F1720","Roots and Tubers, Total","1983","1983","tonnes","16883800","E","Estimated value"
"QCL","Crops and livestock products","356","India","5510","Production","F1720","Roots and Tubers, Total","1984","1984","tonnes","19623600","E","Estimated value"
"QCL","Crops and livestock products","356","India","5510","Production","F1720","Roots and Tubers, Total","1985","1985","tonnes","19860400","E","Estimated value"
"QCL","Crops and livestock products","356","India","5510","Production","F1720","Roots and Tubers, Total","1986","1986","tonnes","16715100","E","Estimated value"
"QCL","Crops and livestock products","356","India","5510","Production","F1720","Roots and Tubers, Total","1987","1987","tonnes","19045300","E","Estimated value"
"QCL","Crops and livestock products","356","India","5510","Production","F1720","Roots and Tubers, Total","1988","1988","tonnes","20720100","E","Estimated value"
"QCL","Crops and livestock products","356","India","5510","Production","F1720","Roots and Tubers, Total","1989","1989","tonnes","20960600","E","Estimated value"
"QCL","Crops and livestock products","356","India","5510","Production","F1720","Roots and Tubers, Total","1990","1990","tonnes","20984300","E","Estimated value"
"QCL","Crops and livestock products","356","India","5510","Production","F1720","Roots and Tubers, Total","1991","1991","tonnes","21895300","E","Estimated value"
"QCL","Crops and livestock products","356","India","5510","Production","F1720","Roots and Tubers, Total","1992","1992","tonnes","25158200","E","Estimated value"
"QCL","Crops and livestock products","356","India","5510","Production","F1720","Roots and Tubers, Total","1993","1993","tonnes","25107300","E","Estimated value"
"QCL","Crops and livestock products","356","India","5510","Production","F1720","Roots and Tubers, Total","1994","1994","tonnes","24641900","E","Estimated value"
"QCL","Crops and livestock products","356","India","5510","Production","F1720","Roots and Tubers, Total","1995","1995","tonnes","24424200","E","Estimated value"
"QCL","Crops and livestock products","356","India","5510","Production","F1720","Roots and Tubers, Total","1996","1996","tonnes","25424600","E","Estimated value"
"QCL","Crops and livestock products","356","India","5510","Production","F1720","Roots and Tubers, Total","1997","1997","tonnes","30980900","E","Estimated value"
"QCL","Crops and livestock products","356","India","5510","Production","F1720","Roots and Tubers, Total","1998","1998","tonnes","25382300","E","Estimated value"
"QCL","Crops and livestock products","356","India","5510","Production","F1720","Roots and Tubers, Total","1999","1999","tonnes","29477100","E","Estimated value"
"QCL","Crops and livestock products","356","India","5510","Production","F1720","Roots and Tubers, Total","2000","2000","tonnes","32124800","E","Estimated value"
"QCL","Crops and livestock products","356","India","5510","Production","F1720","Roots and Tubers, Total","2001","2001","tonnes","30018500","E","Estimated value"
"QCL","Crops and livestock products","356","India","5510","Production","F1720","Roots and Tubers, Total","2002","2002","tonnes","32102300","E","Estimated value"
"QCL","Crops and livestock products","356","India","5510","Production","F1720","Roots and Tubers, Total","2003","2003","tonnes","29717900","E","Estimated value"
"QCL","Crops and livestock products","356","India","5510","Production","F1720","Roots and Tubers, Total","2004","2004","tonnes","35054500","E","Estimated value"
"QCL","Crops and livestock products","356","India","5510","Production","F1720","Roots and Tubers, Total","2005","2005","tonnes","37429900","E","Estimated value"
"QCL","Crops and livestock products","356","India","5510","Production","F1720","Roots and Tubers, Total","2006","2006","tonnes","38096000","E","Estimated value"
"QCL","Crops and livestock products","356","India","5510","Production","F1720","Roots and Tubers, Total","2007","2007","tonnes","37899100","E","Estimated value"
"QCL","Crops and livestock products","356","India","5510","Production","F1720","Roots and Tubers, Total","2008","2008","tonnes","44808000","E","Estimated value"
"QCL","Crops and livestock products","356","India","5510","Production","F1720","Roots and Tubers, Total","2009","2009","tonnes","45133600","E","Estimated value"
"QCL","Crops and livestock products","356","India","5510","Production","F1720","Roots and Tubers, Total","2010","2010","tonnes","45731800","E","Estimated value"
"QCL","Crops and livestock products","356","India","5510","Production","F1720","Roots and Tubers, Total","2011","2011","tonnes","51462000","E","Estimated value"
"QCL","Crops and livestock products","356","India","5510","Production","F1720","Roots and Tubers, Total","2012","2012","tonnes","51302300","E","Estimated value"
"QCL","Crops and livestock products","356","India","5510","Production","F1720","Roots and Tubers, Total","2013","2013","tonnes","53712600","E","Estimated value"
"QCL","Crops and livestock products","356","India","5510","Production","F1720","Roots and Tubers, Total","2014","2014","tonnes","55622310","E","Estimated value"
"QCL","Crops and livestock products","356","India","5510","Production","F1720","Roots and Tubers, Total","2015","2015","tonnes","53610000","E","Estimated value"
"QCL","Crops and livestock products","356","India","5510","Production","F1720","Roots and Tubers, Total","2016","2016","tonnes","49215000","E","Estimated value"
"QCL","Crops and livestock products","356","India","5510","Production","F1720","Roots and Tubers, Total","2017","2017","tonnes","54236000","E","Estimated value"
"QCL","Crops and livestock products","356","India","5510","Production","F1720","Roots and Tubers, Total","2018","2018","tonnes","57760000","E","Estimated value"
"QCL","Crops and livestock products","356","India","5510","Production","F1720","Roots and Tubers, Total","2019","2019","tonnes","56322000","E","Estimated value"
"QCL","Crops and livestock products","356","India","5510","Production","F1720","Roots and Tubers, Total","2020","2020","tonnes","57529000","E","Estimated value"
"QCL","Crops and livestock products","356","India","5510","Production","F1723","Sugar Crops Primary","1961","1961","tonnes","110001008","E","Estimated value"
"QCL","Crops and livestock products","356","India","5510","Production","F1723","Sugar Crops Primary","1962","1962","tonnes","103967008","E","Estimated value"
"QCL","Crops and livestock products","356","India","5510","Production","F1723","Sugar Crops Primary","1963","1963","tonnes","91913008","E","Estimated value"
"QCL","Crops and livestock products","356","India","5510","Production","F1723","Sugar Crops Primary","1964","1964","tonnes","104225008","E","Estimated value"
"QCL","Crops and livestock products","356","India","5510","Production","F1723","Sugar Crops Primary","1965","1965","tonnes","122077008","E","Estimated value"
"QCL","Crops and livestock products","356","India","5510","Production","F1723","Sugar Crops Primary","1966","1966","tonnes","123990000","E","Estimated value"
"QCL","Crops and livestock products","356","India","5510","Production","F1723","Sugar Crops Primary","1967","1967","tonnes","92827008","E","Estimated value"
"QCL","Crops and livestock products","356","India","5510","Production","F1723","Sugar Crops Primary","1968","1968","tonnes","95500000","E","Estimated value"
"QCL","Crops and livestock products","356","India","5510","Production","F1723","Sugar Crops Primary","1969","1969","tonnes","124676096","E","Estimated value"
"QCL","Crops and livestock products","356","India","5510","Production","F1723","Sugar Crops Primary","1970","1970","tonnes","135024000","E","Estimated value"
"QCL","Crops and livestock products","356","India","5510","Production","F1723","Sugar Crops Primary","1971","1971","tonnes","126368000","E","Estimated value"
"QCL","Crops and livestock products","356","India","5510","Production","F1723","Sugar Crops Primary","1972","1972","tonnes","113569504","E","Estimated value"
"QCL","Crops and livestock products","356","India","5510","Production","F1723","Sugar Crops Primary","1973","1973","tonnes","124866704","E","Estimated value"
"QCL","Crops and livestock products","356","India","5510","Production","F1723","Sugar Crops Primary","1974","1974","tonnes","140805008","E","Estimated value"
"QCL","Crops and livestock products","356","India","5510","Production","F1723","Sugar Crops Primary","1975","1975","tonnes","144288896","E","Estimated value"
"QCL","Crops and livestock products","356","India","5510","Production","F1723","Sugar Crops Primary","1976","1976","tonnes","140603504","E","Estimated value"
"QCL","Crops and livestock products","356","India","5510","Production","F1723","Sugar Crops Primary","1977","1977","tonnes","153007008","E","Estimated value"
"QCL","Crops and livestock products","356","India","5510","Production","F1723","Sugar Crops Primary","1978","1978","tonnes","176965008","E","Estimated value"
"QCL","Crops and livestock products","356","India","5510","Production","F1723","Sugar Crops Primary","1979","1979","tonnes","151655104","E","Estimated value"
"QCL","Crops and livestock products","356","India","5510","Production","F1723","Sugar Crops Primary","1980","1980","tonnes","128833408","E","Estimated value"
"QCL","Crops and livestock products","356","India","5510","Production","F1723","Sugar Crops Primary","1981","1981","tonnes","154248000","E","Estimated value"
"QCL","Crops and livestock products","356","India","5510","Production","F1723","Sugar Crops Primary","1982","1982","tonnes","186357600","E","Estimated value"
"QCL","Crops and livestock products","356","India","5510","Production","F1723","Sugar Crops Primary","1983","1983","tonnes","189505600","E","Estimated value"
"QCL","Crops and livestock products","356","India","5510","Production","F1723","Sugar Crops Primary","1984","1984","tonnes","174076000","E","Estimated value"
"QCL","Crops and livestock products","356","India","5510","Production","F1723","Sugar Crops Primary","1985","1985","tonnes","170319200","E","Estimated value"
"QCL","Crops and livestock products","356","India","5510","Production","F1723","Sugar Crops Primary","1986","1986","tonnes","171680992","E","Estimated value"
"QCL","Crops and livestock products","356","India","5510","Production","F1723","Sugar Crops Primary","1987","1987","tonnes","186089504","E","Estimated value"
"QCL","Crops and livestock products","356","India","5510","Production","F1723","Sugar Crops Primary","1988","1988","tonnes","196736896","E","Estimated value"
"QCL","Crops and livestock products","356","India","5510","Production","F1723","Sugar Crops Primary","1989","1989","tonnes","203036800","E","Estimated value"
"QCL","Crops and livestock products","356","India","5510","Production","F1723","Sugar Crops Primary","1990","1990","tonnes","225569200","E","Estimated value"
"QCL","Crops and livestock products","356","India","5510","Production","F1723","Sugar Crops Primary","1991","1991","tonnes","241045504","E","Estimated value"
"QCL","Crops and livestock products","356","India","5510","Production","F1723","Sugar Crops Primary","1992","1992","tonnes","254000000","E","Estimated value"
"QCL","Crops and livestock products","356","India","5510","Production","F1723","Sugar Crops Primary","1993","1993","tonnes","228030000","E","Estimated value"
"QCL","Crops and livestock products","356","India","5510","Production","F1723","Sugar Crops Primary","1994","1994","tonnes","229670000","E","Estimated value"
"QCL","Crops and livestock products","356","India","5510","Production","F1723","Sugar Crops Primary","1995","1995","tonnes","275540000","E","Estimated value"
"QCL","Crops and livestock products","356","India","5510","Production","F1723","Sugar Crops Primary","1996","1996","tonnes","281100000","E","Estimated value"
"QCL","Crops and livestock products","356","India","5510","Production","F1723","Sugar Crops Primary","1997","1997","tonnes","277560000","E","Estimated value"
"QCL","Crops and livestock products","356","India","5510","Production","F1723","Sugar Crops Primary","1998","1998","tonnes","279541504","E","Estimated value"
"QCL","Crops and livestock products","356","India","5510","Production","F1723","Sugar Crops Primary","1999","1999","tonnes","310332800","E","Estimated value"
"QCL","Crops and livestock products","356","India","5510","Production","F1723","Sugar Crops Primary","2000","2000","tonnes","299323904","E","Estimated value"
"QCL","Crops and livestock products","356","India","5510","Production","F1723","Sugar Crops Primary","2001","2001","tonnes","295956000","E","Estimated value"
"QCL","Crops and livestock products","356","India","5510","Production","F1723","Sugar Crops Primary","2002","2002","tonnes","297207808","E","Estimated value"
"QCL","Crops and livestock products","356","India","5510","Production","F1723","Sugar Crops Primary","2003","2003","tonnes","287383200","E","Estimated value"
"QCL","Crops and livestock products","356","India","5510","Production","F1723","Sugar Crops Primary","2004","2004","tonnes","233861792","E","Estimated value"
"QCL","Crops and livestock products","356","India","5510","Production","F1723","Sugar Crops Primary","2005","2005","tonnes","237088400","E","Estimated value"
"QCL","Crops and livestock products","356","India","5510","Production","F1723","Sugar Crops Primary","2006","2006","tonnes","281171808","E","Estimated value"
"QCL","Crops and livestock products","356","India","5510","Production","F1723","Sugar Crops Primary","2007","2007","tonnes","355519712","E","Estimated value"
"QCL","Crops and livestock products","356","India","5510","Production","F1723","Sugar Crops Primary","2008","2008","tonnes","348187904","E","Estimated value"
"QCL","Crops and livestock products","356","India","5510","Production","F1723","Sugar Crops Primary","2009","2009","tonnes","285029312","E","Estimated value"
"QCL","Crops and livestock products","356","India","5510","Production","F1723","Sugar Crops Primary","2010","2010","tonnes","292301600","E","Estimated value"
"QCL","Crops and livestock products","356","India","5510","Production","F1723","Sugar Crops Primary","2011","2011","tonnes","342382016","E","Estimated value"
"QCL","Crops and livestock products","356","India","5510","Production","F1723","Sugar Crops Primary","2012","2012","tonnes","361036992","E","Estimated value"
"QCL","Crops and livestock products","356","India","5510","Production","F1723","Sugar Crops Primary","2013","2013","tonnes","341200000","E","Estimated value"
"QCL","Crops and livestock products","356","India","5510","Production","F1723","Sugar Crops Primary","2014","2014","tonnes","352142000","E","Estimated value"
"QCL","Crops and livestock products","356","India","5510","Production","F1723","Sugar Crops Primary","2015","2015","tonnes","362333000","E","Estimated value"
"QCL","Crops and livestock products","356","India","5510","Production","F1723","Sugar Crops Primary","2016","2016","tonnes","348448000","E","Estimated value"
"QCL","Crops and livestock products","356","India","5510","Production","F1723","Sugar Crops Primary","2017","2017","tonnes","306069000","E","Estimated value"
"QCL","Crops and livestock products","356","India","5510","Production","F1723","Sugar Crops Primary","2018","2018","tonnes","379904850","E","Estimated value"
"QCL","Crops and livestock products","356","India","5510","Production","F1723","Sugar Crops Primary","2019","2019","tonnes","405416180","E","Estimated value"
"QCL","Crops and livestock products","356","India","5510","Production","F1723","Sugar Crops Primary","2020","2020","tonnes","370500000","E","Estimated value"
"QCL","Crops and livestock products","356","India","5510","Production","F1729","Treenuts, Total","1961","1961","tonnes","97000","E","Estimated value"
"QCL","Crops and livestock products","356","India","5510","Production","F1729","Treenuts, Total","1962","1962","tonnes","100000","E","Estimated value"
"QCL","Crops and livestock products","356","India","5510","Production","F1729","Treenuts, Total","1963","1963","tonnes","105000","E","Estimated value"
"QCL","Crops and livestock products","356","India","5510","Production","F1729","Treenuts, Total","1964","1964","tonnes","109000","E","Estimated value"
"QCL","Crops and livestock products","356","India","5510","Production","F1729","Treenuts, Total","1965","1965","tonnes","114000","E","Estimated value"
"QCL","Crops and livestock products","356","India","5510","Production","F1729","Treenuts, Total","1966","1966","tonnes","119818","E","Estimated value"
"QCL","Crops and livestock products","356","India","5510","Production","F1729","Treenuts, Total","1967","1967","tonnes","125182","E","Estimated value"
"QCL","Crops and livestock products","356","India","5510","Production","F1729","Treenuts, Total","1968","1968","tonnes","132542","E","Estimated value"
"QCL","Crops and livestock products","356","India","5510","Production","F1729","Treenuts, Total","1969","1969","tonnes","130438","E","Estimated value"
"QCL","Crops and livestock products","356","India","5510","Production","F1729","Treenuts, Total","1970","1970","tonnes","137319","E","Estimated value"
"QCL","Crops and livestock products","356","India","5510","Production","F1729","Treenuts, Total","1971","1971","tonnes","138223","E","Estimated value"
"QCL","Crops and livestock products","356","India","5510","Production","F1729","Treenuts, Total","1972","1972","tonnes","144000","E","Estimated value"
"QCL","Crops and livestock products","356","India","5510","Production","F1729","Treenuts, Total","1973","1973","tonnes","143266","E","Estimated value"
"QCL","Crops and livestock products","356","India","5510","Production","F1729","Treenuts, Total","1974","1974","tonnes","144951","E","Estimated value"
"QCL","Crops and livestock products","356","India","5510","Production","F1729","Treenuts, Total","1975","1975","tonnes","159254","E","Estimated value"
"QCL","Crops and livestock products","356","India","5510","Production","F1729","Treenuts, Total","1976","1976","tonnes","177536","E","Estimated value"
"QCL","Crops and livestock products","356","India","5510","Production","F1729","Treenuts, Total","1977","1977","tonnes","174457","E","Estimated value"
"QCL","Crops and livestock products","356","India","5510","Production","F1729","Treenuts, Total","1978","1978","tonnes","186323","E","Estimated value"
"QCL","Crops and livestock products","356","India","5510","Production","F1729","Treenuts, Total","1979","1979","tonnes","188817","E","Estimated value"
"QCL","Crops and livestock products","356","India","5510","Production","F1729","Treenuts, Total","1980","1980","tonnes","198266","E","Estimated value"
"QCL","Crops and livestock products","356","India","5510","Production","F1729","Treenuts, Total","1981","1981","tonnes","202250","E","Estimated value"
"QCL","Crops and livestock products","356","India","5510","Production","F1729","Treenuts, Total","1982","1982","tonnes","215760","E","Estimated value"
"QCL","Crops and livestock products","356","India","5510","Production","F1729","Treenuts, Total","1983","1983","tonnes","221440","E","Estimated value"
"QCL","Crops and livestock products","356","India","5510","Production","F1729","Treenuts, Total","1984","1984","tonnes","225870","E","Estimated value"
"QCL","Crops and livestock products","356","India","5510","Production","F1729","Treenuts, Total","1985","1985","tonnes","236330","E","Estimated value"
"QCL","Crops and livestock products","356","India","5510","Production","F1729","Treenuts, Total","1986","1986","tonnes","252480","E","Estimated value"
"QCL","Crops and livestock products","356","India","5510","Production","F1729","Treenuts, Total","1987","1987","tonnes","268580","E","Estimated value"
"QCL","Crops and livestock products","356","India","5510","Production","F1729","Treenuts, Total","1988","1988","tonnes","280260","E","Estimated value"
"QCL","Crops and livestock products","356","India","5510","Production","F1729","Treenuts, Total","1989","1989","tonnes","291330","E","Estimated value"
"QCL","Crops and livestock products","356","India","5510","Production","F1729","Treenuts, Total","1990","1990","tonnes","305590","E","Estimated value"
"QCL","Crops and livestock products","356","India","5510","Production","F1729","Treenuts, Total","1991","1991","tonnes","312590","E","Estimated value"
"QCL","Crops and livestock products","356","India","5510","Production","F1729","Treenuts, Total","1992","1992","tonnes","328810","E","Estimated value"
"QCL","Crops and livestock products","356","India","5510","Production","F1729","Treenuts, Total","1993","1993","tonnes","372000","E","Estimated value"
"QCL","Crops and livestock products","356","India","5510","Production","F1729","Treenuts, Total","1994","1994","tonnes","378000","E","Estimated value"
"QCL","Crops and livestock products","356","India","5510","Production","F1729","Treenuts, Total","1995","1995","tonnes","346640","E","Estimated value"
"QCL","Crops and livestock products","356","India","5510","Production","F1729","Treenuts, Total","1996","1996","tonnes","446830","E","Estimated value"
"QCL","Crops and livestock products","356","India","5510","Production","F1729","Treenuts, Total","1997","1997","tonnes","454000","E","Estimated value"
"QCL","Crops and livestock products","356","India","5510","Production","F1729","Treenuts, Total","1998","1998","tonnes","390000","E","Estimated value"
"QCL","Crops and livestock products","356","India","5510","Production","F1729","Treenuts, Total","1999","1999","tonnes","488000","E","Estimated value"
"QCL","Crops and livestock products","356","India","5510","Production","F1729","Treenuts, Total","2000","2000","tonnes","551000","E","Estimated value"
"QCL","Crops and livestock products","356","India","5510","Production","F1729","Treenuts, Total","2001","2001","tonnes","479000","E","Estimated value"
"QCL","Crops and livestock products","356","India","5510","Production","F1729","Treenuts, Total","2002","2002","tonnes","500000","E","Estimated value"
"QCL","Crops and livestock products","356","India","5510","Production","F1729","Treenuts, Total","2003","2003","tonnes","531000","E","Estimated value"
"QCL","Crops and livestock products","356","India","5510","Production","F1729","Treenuts, Total","2004","2004","tonnes","569000","E","Estimated value"
"QCL","Crops and livestock products","356","India","5510","Production","F1729","Treenuts, Total","2005","2005","tonnes","576000","E","Estimated value"
"QCL","Crops and livestock products","356","India","5510","Production","F1729","Treenuts, Total","2006","2006","tonnes","609000","E","Estimated value"
"QCL","Crops and livestock products","356","India","5510","Production","F1729","Treenuts, Total","2007","2007","tonnes","653000","E","Estimated value"
"QCL","Crops and livestock products","356","India","5510","Production","F1729","Treenuts, Total","2008","2008","tonnes","702000","E","Estimated value"
"QCL","Crops and livestock products","356","India","5510","Production","F1729","Treenuts, Total","2009","2009","tonnes","731000","E","Estimated value"
"QCL","Crops and livestock products","356","India","5510","Production","F1729","Treenuts, Total","2010","2010","tonnes","651000","E","Estimated value"
"QCL","Crops and livestock products","356","India","5510","Production","F1729","Treenuts, Total","2011","2011","tonnes","710600","E","Estimated value"
"QCL","Crops and livestock products","356","India","5510","Production","F1729","Treenuts, Total","2012","2012","tonnes","765000","E","Estimated value"
"QCL","Crops and livestock products","356","India","5510","Production","F1729","Treenuts, Total","2013","2013","tonnes","789000","E","Estimated value"
"QCL","Crops and livestock products","356","India","5510","Production","F1729","Treenuts, Total","2014","2014","tonnes","796000","E","Estimated value"
"QCL","Crops and livestock products","356","India","5510","Production","F1729","Treenuts, Total","2015","2015","tonnes","780000","E","Estimated value"
"QCL","Crops and livestock products","356","India","5510","Production","F1729","Treenuts, Total","2016","2016","tonnes","704000","E","Estimated value"
"QCL","Crops and livestock products","356","India","5510","Production","F1729","Treenuts, Total","2017","2017","tonnes","745000","E","Estimated value"
"QCL","Crops and livestock products","356","India","5510","Production","F1729","Treenuts, Total","2018","2018","tonnes","817000","E","Estimated value"
"QCL","Crops and livestock products","356","India","5510","Production","F1729","Treenuts, Total","2019","2019","tonnes","743000","E","Estimated value"
"QCL","Crops and livestock products","356","India","5510","Production","F1729","Treenuts, Total","2020","2020","tonnes","772779","E","Estimated value"
"QCL","Crops and livestock products","356","India","5510","Production","F1735","Vegetables Primary","1961","1961","tonnes","18267500","E","Estimated value"
"QCL","Crops and livestock products","356","India","5510","Production","F1735","Vegetables Primary","1962","1962","tonnes","19070200","E","Estimated value"
"QCL","Crops and livestock products","356","India","5510","Production","F1735","Vegetables Primary","1963","1963","tonnes","19833300","E","Estimated value"
"QCL","Crops and livestock products","356","India","5510","Production","F1735","Vegetables Primary","1964","1964","tonnes","20535500","E","Estimated value"
"QCL","Crops and livestock products","356","India","5510","Production","F1735","Vegetables Primary","1965","1965","tonnes","21271000","E","Estimated value"
"QCL","Crops and livestock products","356","India","5510","Production","F1735","Vegetables Primary","1966","1966","tonnes","22147600","E","Estimated value"
"QCL","Crops and livestock products","356","India","5510","Production","F1735","Vegetables Primary","1967","1967","tonnes","22870050","E","Estimated value"
"QCL","Crops and livestock products","356","India","5510","Production","F1735","Vegetables Primary","1968","1968","tonnes","23651200","E","Estimated value"
"QCL","Crops and livestock products","356","India","5510","Production","F1735","Vegetables Primary","1969","1969","tonnes","24657800","E","Estimated value"
"QCL","Crops and livestock products","356","India","5510","Production","F1735","Vegetables Primary","1970","1970","tonnes","25688900","E","Estimated value"
"QCL","Crops and livestock products","356","India","5510","Production","F1735","Vegetables Primary","1971","1971","tonnes","26673000","E","Estimated value"
"QCL","Crops and livestock products","356","India","5510","Production","F1735","Vegetables Primary","1972","1972","tonnes","27729400","E","Estimated value"
"QCL","Crops and livestock products","356","India","5510","Production","F1735","Vegetables Primary","1973","1973","tonnes","28660500","E","Estimated value"
"QCL","Crops and livestock products","356","India","5510","Production","F1735","Vegetables Primary","1974","1974","tonnes","29654200","E","Estimated value"
"QCL","Crops and livestock products","356","India","5510","Production","F1735","Vegetables Primary","1975","1975","tonnes","30584900","E","Estimated value"
"QCL","Crops and livestock products","356","India","5510","Production","F1735","Vegetables Primary","1976","1976","tonnes","31610800","E","Estimated value"
"QCL","Crops and livestock products","356","India","5510","Production","F1735","Vegetables Primary","1977","1977","tonnes","32537900","E","Estimated value"
"QCL","Crops and livestock products","356","India","5510","Production","F1735","Vegetables Primary","1978","1978","tonnes","33553050","E","Estimated value"
"QCL","Crops and livestock products","356","India","5510","Production","F1735","Vegetables Primary","1979","1979","tonnes","34469600","E","Estimated value"
"QCL","Crops and livestock products","356","India","5510","Production","F1735","Vegetables Primary","1980","1980","tonnes","35465100","E","Estimated value"
"QCL","Crops and livestock products","356","India","5510","Production","F1735","Vegetables Primary","1981","1981","tonnes","36896100","E","Estimated value"
"QCL","Crops and livestock products","356","India","5510","Production","F1735","Vegetables Primary","1982","1982","tonnes","38377400","E","Estimated value"
"QCL","Crops and livestock products","356","India","5510","Production","F1735","Vegetables Primary","1983","1983","tonnes","39911000","E","Estimated value"
"QCL","Crops and livestock products","356","India","5510","Production","F1735","Vegetables Primary","1984","1984","tonnes","41329400","E","Estimated value"
"QCL","Crops and livestock products","356","India","5510","Production","F1735","Vegetables Primary","1985","1985","tonnes","42261000","E","Estimated value"
"QCL","Crops and livestock products","356","India","5510","Production","F1735","Vegetables Primary","1986","1986","tonnes","43803000","E","Estimated value"
"QCL","Crops and livestock products","356","India","5510","Production","F1735","Vegetables Primary","1987","1987","tonnes","45148076","E","Estimated value"
"QCL","Crops and livestock products","356","India","5510","Production","F1735","Vegetables Primary","1988","1988","tonnes","46212890","E","Estimated value"
"QCL","Crops and livestock products","356","India","5510","Production","F1735","Vegetables Primary","1989","1989","tonnes","47202361","E","Estimated value"
"QCL","Crops and livestock products","356","India","5510","Production","F1735","Vegetables Primary","1990","1990","tonnes","48129659","E","Estimated value"
"QCL","Crops and livestock products","356","India","5510","Production","F1735","Vegetables Primary","1991","1991","tonnes","49128336","E","Estimated value"
"QCL","Crops and livestock products","356","India","5510","Production","F1735","Vegetables Primary","1992","1992","tonnes","49642471","E","Estimated value"
"QCL","Crops and livestock products","356","India","5510","Production","F1735","Vegetables Primary","1993","1993","tonnes","52123500","E","Estimated value"
"QCL","Crops and livestock products","356","India","5510","Production","F1735","Vegetables Primary","1994","1994","tonnes","53203533","E","Estimated value"
"QCL","Crops and livestock products","356","India","5510","Production","F1735","Vegetables Primary","1995","1995","tonnes","55675300","E","Estimated value"
"QCL","Crops and livestock products","356","India","5510","Production","F1735","Vegetables Primary","1996","1996","tonnes","56395900","E","Estimated value"
"QCL","Crops and livestock products","356","India","5510","Production","F1735","Vegetables Primary","1997","1997","tonnes","60608430","E","Estimated value"
"QCL","Crops and livestock products","356","India","5510","Production","F1735","Vegetables Primary","1998","1998","tonnes","62895081","E","Estimated value"
"QCL","Crops and livestock products","356","India","5510","Production","F1735","Vegetables Primary","1999","1999","tonnes","70093181","E","Estimated value"
"QCL","Crops and livestock products","356","India","5510","Production","F1735","Vegetables Primary","2000","2000","tonnes","71383100","E","Estimated value"
"QCL","Crops and livestock products","356","India","5510","Production","F1735","Vegetables Primary","2001","2001","tonnes","77866529","E","Estimated value"
"QCL","Crops and livestock products","356","India","5510","Production","F1735","Vegetables Primary","2002","2002","tonnes","69076536","E","Estimated value"
"QCL","Crops and livestock products","356","India","5510","Production","F1735","Vegetables Primary","2003","2003","tonnes","78279752","E","Estimated value"
"QCL","Crops and livestock products","356","India","5510","Production","F1735","Vegetables Primary","2004","2004","tonnes","66021336","E","Estimated value"
"QCL","Crops and livestock products","356","India","5510","Production","F1735","Vegetables Primary","2005","2005","tonnes","71615878","E","Estimated value"
"QCL","Crops and livestock products","356","India","5510","Production","F1735","Vegetables Primary","2006","2006","tonnes","81550722","E","Estimated value"
"QCL","Crops and livestock products","356","India","5510","Production","F1735","Vegetables Primary","2007","2007","tonnes","87348289","E","Estimated value"
"QCL","Crops and livestock products","356","India","5510","Production","F1735","Vegetables Primary","2008","2008","tonnes","90990087","E","Estimated value"
"QCL","Crops and livestock products","356","India","5510","Production","F1735","Vegetables Primary","2009","2009","tonnes","90176119","E","Estimated value"
"QCL","Crops and livestock products","356","India","5510","Production","F1735","Vegetables Primary","2010","2010","tonnes","99349827","E","Estimated value"
"QCL","Crops and livestock products","356","India","5510","Production","F1735","Vegetables Primary","2011","2011","tonnes","105711719","E","Estimated value"
"QCL","Crops and livestock products","356","India","5510","Production","F1735","Vegetables Primary","2012","2012","tonnes","112932800","E","Estimated value"
"QCL","Crops and livestock products","356","India","5510","Production","F1735","Vegetables Primary","2013","2013","tonnes","119592200","E","Estimated value"
"QCL","Crops and livestock products","356","India","5510","Production","F1735","Vegetables Primary","2014","2014","tonnes","125158709","E","Estimated value"
"QCL","Crops and livestock products","356","India","5510","Production","F1735","Vegetables Primary","2015","2015","tonnes","119983010","E","Estimated value"
"QCL","Crops and livestock products","356","India","5510","Production","F1735","Vegetables Primary","2016","2016","tonnes","125447083","E","Estimated value"
"QCL","Crops and livestock products","356","India","5510","Production","F1735","Vegetables Primary","2017","2017","tonnes","131334057","E","Estimated value"
"QCL","Crops and livestock products","356","India","5510","Production","F1735","Vegetables Primary","2018","2018","tonnes","135590864","E","Estimated value"
"QCL","Crops and livestock products","356","India","5510","Production","F1735","Vegetables Primary","2019","2019","tonnes","137401659","E","Estimated value"
"QCL","Crops and livestock products","356","India","5510","Production","F1735","Vegetables Primary","2020","2020","tonnes","141195036","E","Estimated value"
